FUT11_HUMAN,5_4_1_1
5.95564744,11.0
6.799280084,9.716666667
5.990616575,6.53
5.371237516,5.96
5.479570946,2.606666667
