SIA4C_HUMAN,5_4_1_1
4.746316204,11.0
2.56937597,9.716666667
2.853083451,6.53
2.315151497,5.96
2.12583073,2.606666667
