MA2A1_HUMAN,8_2_0_0
6.236789156,5.033333333
6.253046134,7.1
7.119457229,7.506666667
5.861144496,8.066666667
7.55899587,3.516666667
