MA2A2_HUMAN,5_2_0_0
3.399089119,3.14
3.471837991,4.283333333
4.971009275,4.386666667
3.64002637,5.613333333
3.416607033,2.013333333
