MA2A1_HUMAN,9_2_0_0
6.236789156,3.356666667
6.253046134,5.46
7.119457229,6.29
5.861144496,7.193333333
7.55899587,2.703333333
