MA2A2_HUMAN,6_2_0_0
3.399089119,3.723333333
3.471837991,5.183333333
4.971009275,5.096666667
3.64002637,7.443333333
3.416607033,2.223333333
