MA2A2_HUMAN,7_2_0_0
3.399089119,4.513333333
3.471837991,6.916666667
4.971009275,5.28
3.64002637,7.6
3.416607033,2.73
