MA2A1_HUMAN,6_2_0_0
6.236789156,3.723333333
6.253046134,5.183333333
7.119457229,5.096666667
5.861144496,7.443333333
7.55899587,2.223333333
