MA2A2_HUMAN,8_2_0_0
3.399089119,5.033333333
3.471837991,7.1
4.971009275,7.506666667
3.64002637,8.066666667
3.416607033,3.516666667
