MA2A1_HUMAN,7_2_0_0
6.236789156,4.513333333
6.253046134,6.916666667
7.119457229,5.28
5.861144496,7.6
7.55899587,2.73
