MA2A1_HUMAN,4_2_0_0
6.236789156,0.553333333
6.253046134,0.856666667
7.119457229,0.903333333
5.861144496,1.283333333
7.55899587,0.363333333
