MA2A2_HUMAN,4_2_0_0
3.399089119,0.553333333
3.471837991,0.856666667
4.971009275,0.903333333
3.64002637,1.283333333
3.416607033,0.363333333
