MA2A1_HUMAN,5_2_0_0
6.236789156,3.14
6.253046134,4.283333333
7.119457229,4.386666667
5.861144496,5.613333333
7.55899587,2.013333333
