MA2A2_HUMAN,9_2_0_0
3.399089119,3.356666667
3.471837991,5.46
4.971009275,6.29
3.64002637,7.193333333
3.416607033,2.703333333
