FUT11_HUMAN,5_4_1_0
5.95564744,5.233333333
6.799280084,3.79
5.990616575,2.243333333
5.371237516,3.306666667
5.479570946,0.956666667
