B4GT1_HUMAN,5_4_0_0
10.40026696,2.956666667
8.418401508,2.366666667
7.9806475,1.55
6.958933292,1.866666667
8.299140859,0.543333333
