SIA4C_HUMAN,5_4_0_1
4.746316204,5.39
2.56937597,3.316666667
2.853083451,2.573333333
2.315151497,2.9
2.12583073,0.726666667
